,answer_count,articles_count,avatar_url,avatar_url_template,badge,follower_count,gender,headline,id,is_advertiser,is_followed,is_following,is_org,name,type,url,url_token,user_type
0,0,0,https://pic2.zhimg.com/v2-c30065c1225c664a9b3d89a73b6cfb79_is.jpg,https://pic2.zhimg.com/v2-c30065c1225c664a9b3d89a73b6cfb79_{size}.jpg,[],2,0,,98213f7ba936c4324fa9ee8e042bf2dc,False,False,False,False,吴小井,people,http://www.zhihu.com/api/v4/people/98213f7ba936c4324fa9ee8e042bf2dc,wu-xiao-jing-14,people
1,1,0,https://pic3.zhimg.com/v2-37f045a720573bada4f98e9d5dfd603e_is.jpg,https://pic3.zhimg.com/v2-37f045a720573bada4f98e9d5dfd603e_{size}.jpg,[],4,1,软件工程师,ee95a054b060bb9d3814fa025045377f,False,False,False,False,江南,people,http://www.zhihu.com/api/v4/people/ee95a054b060bb9d3814fa025045377f,jiang-nan-38-83,people
2,0,0,https://pic2.zhimg.com/v2-8657df2e607c381bce1160aff1e2cf31_is.jpg,https://pic2.zhimg.com/v2-8657df2e607c381bce1160aff1e2cf31_{size}.jpg,[],0,0,琴棋书画  ,013dcb2ffa865c78d30542efc5d56e5b,False,False,False,False,孙晓倩,people,http://www.zhihu.com/api/v4/people/013dcb2ffa865c78d30542efc5d56e5b,sun-xiao-qian-14-39,people
3,22,0,https://pic4.zhimg.com/v2-90d85c78f86d2d002247c8bd15e86fe7_is.jpg,https://pic4.zhimg.com/v2-90d85c78f86d2d002247c8bd15e86fe7_{size}.jpg,[],6,0,公众号 有丧气,9ce45071475f1606c0d14eb65976b600,False,False,False,False,有丧气,people,http://www.zhihu.com/api/v4/people/9ce45071475f1606c0d14eb65976b600,sang-qi-nsj,people
4,111,24,https://pic4.zhimg.com/v2-4cb96ae23e6274b450da2a1f0261dd87_is.jpg,https://pic4.zhimg.com/v2-4cb96ae23e6274b450da2a1f0261dd87_{size}.jpg,[],588,1,准律师，@周子恒律师 守护者,1cae3eb9840d67a9682400c61ad06442,False,False,False,False,宁启鱼CRH2A-2002,people,http://www.zhihu.com/api/v4/people/1cae3eb9840d67a9682400c61ad06442,jacub-kleider,people
5,0,0,https://pic4.zhimg.com/33a9dda4b9a45a142f5d38b763f33c17_is.jpg,https://pic4.zhimg.com/33a9dda4b9a45a142f5d38b763f33c17_{size}.jpg,[],1,0,生活不只是眼前的小姑娘，还有詩和远方的好吃哒,4286e479b6446086e787162b331a76fd,False,False,False,False,胡子萝卜,people,http://www.zhihu.com/api/v4/people/4286e479b6446086e787162b331a76fd,hu-ya-ting-71-82,people
6,0,0,https://pic1.zhimg.com/da8e974dc_is.jpg,https://pic1.zhimg.com/da8e974dc_{size}.jpg,[],2,-1,律师,b69be73574774918413a97e3057612a9,False,False,False,False,人这一辈子,people,http://www.zhihu.com/api/v4/people/b69be73574774918413a97e3057612a9,ren-zhe-yibei-zi-70,people
7,0,0,https://pic2.zhimg.com/ac23a3dc529ab22816a9b6312ea97349_is.jpg,https://pic2.zhimg.com/ac23a3dc529ab22816a9b6312ea97349_{size}.jpg,[],6,-1,律师,998e2216d0a255335b4217d232da2a7b,False,False,False,False,小木木,people,http://www.zhihu.com/api/v4/people/998e2216d0a255335b4217d232da2a7b,xiao-mu-mu-43-93,people
8,20,0,https://pic1.zhimg.com/da8e974dc_is.jpg,https://pic1.zhimg.com/da8e974dc_{size}.jpg,[],8,1,律师,a65c0f307007e86fbb4a440f256ab444,False,False,False,False,善良,people,http://www.zhihu.com/api/v4/people/a65c0f307007e86fbb4a440f256ab444,shan-liang-48-18,people
9,0,0,https://pic2.zhimg.com/v2-60133c787749d7da4ce05cf2bbc0c061_is.jpg,https://pic2.zhimg.com/v2-60133c787749d7da4ce05cf2bbc0c061_{size}.jpg,[],1,-1,,4d24cbbf245cedcf6b3ce05125de746f,False,False,False,False,尚威,people,http://www.zhihu.com/api/v4/people/4d24cbbf245cedcf6b3ce05125de746f,shang-wei-85-34,people
10,19,0,https://pic3.zhimg.com/v2-0bfa011f9c6301847f9daf09aad3cb52_is.jpg,https://pic3.zhimg.com/v2-0bfa011f9c6301847f9daf09aad3cb52_{size}.jpg,[],8,1,竭尽精诚，莫问收获，但行好事，不问得失,3a6572129f2cf0c0cb41a7b3e3039964,False,False,False,False,Jamin,people,http://www.zhihu.com/api/v4/people/3a6572129f2cf0c0cb41a7b3e3039964,jamin-xu,people
11,0,0,https://pic3.zhimg.com/v2-75331fe1390437643bc06a30813c6942_is.jpg,https://pic3.zhimg.com/v2-75331fe1390437643bc06a30813c6942_{size}.jpg,[],1,0,大学生,a68aaf2c402c4c4ff86641495747ce51,False,False,False,False,Angelia,people,http://www.zhihu.com/api/v4/people/a68aaf2c402c4c4ff86641495747ce51,tang-xiao-lian-83,people
12,1,0,https://pic1.zhimg.com/da8e974dc_is.jpg,https://pic1.zhimg.com/da8e974dc_{size}.jpg,[],0,1,浊酒深巷天下事,83721d3f6ea88a8233efdfc107494f42,False,False,False,False,浊酒天下事,people,http://www.zhihu.com/api/v4/people/83721d3f6ea88a8233efdfc107494f42,zhuo-jiu-tian-xia-shi,people
13,2,0,https://pic2.zhimg.com/fab30bcfd1c7415f6fc45853e1ce2bed_is.jpg,https://pic2.zhimg.com/fab30bcfd1c7415f6fc45853e1ce2bed_{size}.jpg,[],1,-1,,1dec321c7fa500a51f69cda82b4fd465,False,False,False,False,不才,people,http://www.zhihu.com/api/v4/people/1dec321c7fa500a51f69cda82b4fd465,bu-cai-52-85,people
14,0,0,https://pic2.zhimg.com/v2-699a27f8214d4bf22f99740a55db6a7d_is.jpg,https://pic2.zhimg.com/v2-699a27f8214d4bf22f99740a55db6a7d_{size}.jpg,[],2,-1,法学在读,84fc01003769ca83e53b9e1d620a3d6e,False,False,False,False,别动我的辣条,people,http://www.zhihu.com/api/v4/people/84fc01003769ca83e53b9e1d620a3d6e,bie-dong-wo-de-la-tiao,people
15,3,0,https://pic1.zhimg.com/da8e974dc_is.jpg,https://pic1.zhimg.com/da8e974dc_{size}.jpg,[],2,0,都说爱笑的人运气不会太差-Weibo,50404377ad58807aab606b843faa348b,False,False,False,False,番茄酱啊,people,http://www.zhihu.com/api/v4/people/50404377ad58807aab606b843faa348b,ai-kan-xing-xing-de-gu-liang,people
16,0,0,https://pic1.zhimg.com/da8e974dc_is.jpg,https://pic1.zhimg.com/da8e974dc_{size}.jpg,[],1,1,,2bccadfec4a29ba82b4a50ef90c63639,False,False,False,False,david35,people,http://www.zhihu.com/api/v4/people/2bccadfec4a29ba82b4a50ef90c63639,sang-wei-62,people
17,0,0,https://pic3.zhimg.com/v2-ee934413be7ab7b630172d4955b7eb1e_is.jpg,https://pic3.zhimg.com/v2-ee934413be7ab7b630172d4955b7eb1e_{size}.jpg,[],3,0,医疗行业,9de56ef495265c8a6b01ec444cee6d64,False,False,False,False,橙子,people,http://www.zhihu.com/api/v4/people/9de56ef495265c8a6b01ec444cee6d64,cheng-zi-23-98,people
18,0,0,https://pic3.zhimg.com/v2-9f55f8ddd16403c4856712f9a4f3f7a6_is.jpg,https://pic3.zhimg.com/v2-9f55f8ddd16403c4856712f9a4f3f7a6_{size}.jpg,[],0,0,,041324da09dbeab2039abe666ea9138a,False,False,False,False,绿绿green,people,http://www.zhihu.com/api/v4/people/041324da09dbeab2039abe666ea9138a,lu-lu-green,people
19,0,0,https://pic1.zhimg.com/da8e974dc_is.jpg,https://pic1.zhimg.com/da8e974dc_{size}.jpg,[],2,-1,新闻,3fd0e6e82085045046829935201c4b91,False,False,False,False,米泽,people,http://www.zhihu.com/api/v4/people/3fd0e6e82085045046829935201c4b91,liu-cheng-39-29,people
20,2,0,https://pic3.zhimg.com/v2-74681b83c039fb3b851353074cfed3c6_is.jpg,https://pic3.zhimg.com/v2-74681b83c039fb3b851353074cfed3c6_{size}.jpg,[],1,-1,,b21b7c490b3f235af9d09b5df4c8d964,False,False,False,False,cozzl,people,http://www.zhihu.com/api/v4/people/b21b7c490b3f235af9d09b5df4c8d964,collin-89,people
21,23,0,https://pic4.zhimg.com/v2-245309800d945f7c63cea130851b9e0b_is.jpg,https://pic4.zhimg.com/v2-245309800d945f7c63cea130851b9e0b_{size}.jpg,[],11,0,我只是拿别人睡觉的时间在犯蠢,00b7d4d1a79a5602c84ff4096e9d2cc6,False,False,False,False,木小良,people,http://www.zhihu.com/api/v4/people/00b7d4d1a79a5602c84ff4096e9d2cc6,MrMs6002,people
22,0,0,https://pic1.zhimg.com/da8e974dc_is.jpg,https://pic1.zhimg.com/da8e974dc_{size}.jpg,[],0,-1,,7ac64749203d670f7562ea898f1cccf5,False,False,False,False,jenny,people,http://www.zhihu.com/api/v4/people/7ac64749203d670f7562ea898f1cccf5,jenny-85-87-29,people
23,1,0,https://pic3.zhimg.com/v2-43329fec134a2f00188c88eee946da6a_is.jpg,https://pic3.zhimg.com/v2-43329fec134a2f00188c88eee946da6a_{size}.jpg,[],4,0,,d93419da448d6200b0f8385123236ff4,False,False,False,False,Smile,people,http://www.zhihu.com/api/v4/people/d93419da448d6200b0f8385123236ff4,ping-dan-de-sheng-huo-yu-wo,people
24,6,1,https://pic2.zhimg.com/0d7cb911331432467330649d310f902d_is.jpg,https://pic2.zhimg.com/0d7cb911331432467330649d310f902d_{size}.jpg,[],12,1,金融,765becf7c0df9d5446b2f462d7e24568,False,False,False,False,马刺,people,http://www.zhihu.com/api/v4/people/765becf7c0df9d5446b2f462d7e24568,han-lei-30-10,people
25,0,0,https://pic3.zhimg.com/5bc2c4edf83deec97936d74872ee67ba_is.jpg,https://pic3.zhimg.com/5bc2c4edf83deec97936d74872ee67ba_{size}.jpg,[],1,1,,c152e093a7e70925f1fc5bcd88da64b1,False,False,False,False,jacob young,people,http://www.zhihu.com/api/v4/people/c152e093a7e70925f1fc5bcd88da64b1,jacob-young,people
26,40,0,https://pic3.zhimg.com/33200a1f7b82b0c9fe5a85ee61636be6_is.jpg,https://pic3.zhimg.com/33200a1f7b82b0c9fe5a85ee61636be6_{size}.jpg,[],19,1,法律新手,09b2224180276a2e1c1e112c14e79d0e,False,False,False,False,归去,people,http://www.zhihu.com/api/v4/people/09b2224180276a2e1c1e112c14e79d0e,gui-qu-16,people
27,0,0,https://pic1.zhimg.com/4d4e60739d8ffb1d0387bd8d49260f64_is.jpg,https://pic1.zhimg.com/4d4e60739d8ffb1d0387bd8d49260f64_{size}.jpg,[],2,0,,5f410f9c4f8763784a2433a5e147de5b,False,False,False,False,Scarlet,people,http://www.zhihu.com/api/v4/people/5f410f9c4f8763784a2433a5e147de5b,bi-yang-83-15,people
28,77,2,https://pic3.zhimg.com/v2-0c7239717ef1d16bbc73c4b9ce014ba6_is.jpg,https://pic3.zhimg.com/v2-0c7239717ef1d16bbc73c4b9ce014ba6_{size}.jpg,[],74,0,老咯,77144d0049564fbc6620abefe14d6df1,False,False,False,False,吴薇薇,people,http://www.zhihu.com/api/v4/people/77144d0049564fbc6620abefe14d6df1,wu-wei-wei-59-83,people
29,0,0,https://pic1.zhimg.com/da8e974dc_is.jpg,https://pic1.zhimg.com/da8e974dc_{size}.jpg,[],0,-1,社会学在读,dab08fe1f20ca73208612003dfcb6a71,False,False,False,False,陈哈哈,people,http://www.zhihu.com/api/v4/people/dab08fe1f20ca73208612003dfcb6a71,chen-ha-ha-22-94,people
30,2,0,https://pic3.zhimg.com/v2-d2f62d53aa00acd8daf37ccd3ac46972_is.jpg,https://pic3.zhimg.com/v2-d2f62d53aa00acd8daf37ccd3ac46972_{size}.jpg,[],3,1,,32a1e0735723d0ba17c9d6ac34556edc,False,False,False,False,Alex,people,http://www.zhihu.com/api/v4/people/32a1e0735723d0ba17c9d6ac34556edc,zhang-zhong-qiu-37,people
31,1,0,https://pic3.zhimg.com/v2-bd49c43c7cc99aa1038b310ccf3f390e_is.jpg,https://pic3.zhimg.com/v2-bd49c43c7cc99aa1038b310ccf3f390e_{size}.jpg,[],1,1,还不赖,96c1e2d35d51104eafbcca29a81fcc16,False,False,False,False,彼得大帝,people,http://www.zhihu.com/api/v4/people/96c1e2d35d51104eafbcca29a81fcc16,sunhaolun,people
32,12,0,https://pic3.zhimg.com/9a39704e6_is.jpg,https://pic3.zhimg.com/9a39704e6_{size}.jpg,[],12,1,新闻—&gt;销售—&gt;金融—&gt;法律,fe0afc2acaa84f080ba423771f577542,False,False,False,False,Yadoo Zhang,people,http://www.zhihu.com/api/v4/people/fe0afc2acaa84f080ba423771f577542,yadoo-zhang,people
33,1,0,https://pic1.zhimg.com/da8e974dc_is.jpg,https://pic1.zhimg.com/da8e974dc_{size}.jpg,[],0,-1,,2fa274a995593bcdf93fd2268d53ea7a,False,False,False,False,李天福,people,http://www.zhihu.com/api/v4/people/2fa274a995593bcdf93fd2268d53ea7a,li-tian-fu-39,people
34,39,0,https://pic2.zhimg.com/8c91d18f81c8a40ef1d11436ae08244d_is.jpg,https://pic2.zhimg.com/8c91d18f81c8a40ef1d11436ae08244d_{size}.jpg,[],31,1,幻想家,ca4a114492078cf575aa682b04182914,False,False,False,False,ZT Lu,people,http://www.zhihu.com/api/v4/people/ca4a114492078cf575aa682b04182914,lu-zi-tian-68,people
35,3,0,https://pic3.zhimg.com/v2-e9bf5e994685d663f0117cb76f0cc38a_is.jpg,https://pic3.zhimg.com/v2-e9bf5e994685d663f0117cb76f0cc38a_{size}.jpg,[],9,1,准备退乎,69f46f51d2dafb13cf1a06badf17bcb6,False,False,False,False,知天命,people,http://www.zhihu.com/api/v4/people/69f46f51d2dafb13cf1a06badf17bcb6,zhi-tian-ming-jin-ren-shi-75,people
36,0,0,https://pic2.zhimg.com/v2-352ced6ba47a73b5bb81e9afeb2134cd_is.jpg,https://pic2.zhimg.com/v2-352ced6ba47a73b5bb81e9afeb2134cd_{size}.jpg,[],0,-1,法学,97f692148624c1662aee43d7b48f1ba5,False,False,False,False,浅浅贝贝,people,http://www.zhihu.com/api/v4/people/97f692148624c1662aee43d7b48f1ba5,qian-qian-bei-bei-34,people
37,0,0,https://pic2.zhimg.com/v2-2893499c2d3945fa5b0b0758e4e0e6e1_is.jpg,https://pic2.zhimg.com/v2-2893499c2d3945fa5b0b0758e4e0e6e1_{size}.jpg,[],0,0,法律系学生,e7f9630cb9ab8f496df1568e60f8674f,False,False,False,False,Tammy,people,http://www.zhihu.com/api/v4/people/e7f9630cb9ab8f496df1568e60f8674f,tammy-47-91,people
38,5,0,https://pic2.zhimg.com/v2-6f2d7165d732caf85bf180c7eb9497cd_is.jpg,https://pic2.zhimg.com/v2-6f2d7165d732caf85bf180c7eb9497cd_{size}.jpg,[],6,1,,fbc286cefae4e27b1d553b2eed58421e,False,False,False,False,陈较瘦,people,http://www.zhihu.com/api/v4/people/fbc286cefae4e27b1d553b2eed58421e,leoda-fa-hao,people
39,0,0,https://pic1.zhimg.com/v2-983045faec00ae705ebba75ee122930c_is.jpg,https://pic1.zhimg.com/v2-983045faec00ae705ebba75ee122930c_{size}.jpg,[],36,1,无知地索求，羞耻于求救。,ba6bc957dec5bbd89dae36153f90df07,False,False,False,False,March,people,http://www.zhihu.com/api/v4/people/ba6bc957dec5bbd89dae36153f90df07,ye-tan-13-90,people
40,0,0,https://pic2.zhimg.com/dba4b7ac5566271fae20e0640019b3b1_is.jpg,https://pic2.zhimg.com/dba4b7ac5566271fae20e0640019b3b1_{size}.jpg,[],0,-1,律师,6ca63f4fb8ed4be00a24306deae61c4e,False,False,False,False,麦姑娘,people,http://www.zhihu.com/api/v4/people/6ca63f4fb8ed4be00a24306deae61c4e,mai-gu-niang-42,people
41,0,0,https://pic1.zhimg.com/da8e974dc_is.jpg,https://pic1.zhimg.com/da8e974dc_{size}.jpg,[],0,1,,1d9e55af6c23d28b0d7a83010f3f9656,False,False,False,False,粮鲁克,people,http://www.zhihu.com/api/v4/people/1d9e55af6c23d28b0d7a83010f3f9656,liang-lu-ke,people
42,0,0,https://pic2.zhimg.com/v2-6a8cea84f545b8634d3ca83416823b05_is.jpg,https://pic2.zhimg.com/v2-6a8cea84f545b8634d3ca83416823b05_{size}.jpg,[],0,-1,法学菜鸟,08e7ee51e275969a2df089e7b39fec0c,False,False,False,False,我们如何知晓,people,http://www.zhihu.com/api/v4/people/08e7ee51e275969a2df089e7b39fec0c,wo-men-ru-he-zhi-xiao,people
43,27,0,https://pic1.zhimg.com/c0665d50c_is.jpg,https://pic1.zhimg.com/c0665d50c_{size}.jpg,[],41,1,因为我喜欢你。 因为我想一直喜欢你。 因为我希望你能够幸福。 只是不希望你再受伤,6f1d803968724bcd0435588b0450b735,False,False,False,False,kirsi kisir,people,http://www.zhihu.com/api/v4/people/6f1d803968724bcd0435588b0450b735,kirsi-kisir,people
44,0,0,https://pic1.zhimg.com/56266dcdd7324c7e757dc0bc8399ee90_is.jpg,https://pic1.zhimg.com/56266dcdd7324c7e757dc0bc8399ee90_{size}.jpg,[],0,-1,,6e74db8d4a75ada1e520193aafc240c4,False,False,False,False,李里理,people,http://www.zhihu.com/api/v4/people/6e74db8d4a75ada1e520193aafc240c4,li-li-li-53-87,people
45,0,0,https://pic1.zhimg.com/da8e974dc_is.jpg,https://pic1.zhimg.com/da8e974dc_{size}.jpg,[],0,-1,,fb31bd8e2eb867875e8ebfbd8d9dba08,False,False,False,False,兰123,people,http://www.zhihu.com/api/v4/people/fb31bd8e2eb867875e8ebfbd8d9dba08,lan-123-62-35,people
46,0,0,https://pic1.zhimg.com/bbd0463bebca1781528bb20ea73ce838_is.jpg,https://pic1.zhimg.com/bbd0463bebca1781528bb20ea73ce838_{size}.jpg,[],0,-1,学生,ab646428db735fa84c0561669fe97bed,False,False,False,False,岳文豪,people,http://www.zhihu.com/api/v4/people/ab646428db735fa84c0561669fe97bed,yue-wen-hao-11,people
47,1,0,https://pic3.zhimg.com/d4e51acd6dc4913f7fdfc26ad4542d4e_is.jpg,https://pic3.zhimg.com/d4e51acd6dc4913f7fdfc26ad4542d4e_{size}.jpg,[],0,-1,,ea86b112d9ca5e77eacc9abfeb788f7c,False,False,False,False,孙喆,people,http://www.zhihu.com/api/v4/people/ea86b112d9ca5e77eacc9abfeb788f7c,sun-zhe-91-7,people
48,0,0,https://pic4.zhimg.com/201e311b9cf76401fdb4b935667d46a3_is.jpg,https://pic4.zhimg.com/201e311b9cf76401fdb4b935667d46a3_{size}.jpg,[],0,1,,de7ad7d67cf6f4046dec2eb318d01531,False,False,False,False,13999896049,people,http://www.zhihu.com/api/v4/people/de7ad7d67cf6f4046dec2eb318d01531,13999896049,people
49,1,0,https://pic4.zhimg.com/v2-9514485ff6b1d1e32d39c5c2b64867fb_is.jpg,https://pic4.zhimg.com/v2-9514485ff6b1d1e32d39c5c2b64867fb_{size}.jpg,[],2,0,法学专业对历史文化计算机感兴趣,ea23245b69c717d7f9570a0ba2205431,False,False,False,False,月下九重樱,people,http://www.zhihu.com/api/v4/people/ea23245b69c717d7f9570a0ba2205431,you-le-ge-dao,people
50,1,0,https://pic4.zhimg.com/01d9e29ae2ff6c4f973a5a7c7b93a73b_is.jpg,https://pic4.zhimg.com/01d9e29ae2ff6c4f973a5a7c7b93a73b_{size}.jpg,[],5,1,舍得,95cde468f83b2cf043247b8de2c1ac69,False,False,False,False,张川,people,http://www.zhihu.com/api/v4/people/95cde468f83b2cf043247b8de2c1ac69,zhang-chuan-48-31,people
51,0,0,https://pic4.zhimg.com/fa3052a295f0c2959367519ff09d4423_is.jpg,https://pic4.zhimg.com/fa3052a295f0c2959367519ff09d4423_{size}.jpg,[],43,1,,b8e4d2ff64e50a894eb884165cc47f17,False,False,False,False,渔梁,people,http://www.zhihu.com/api/v4/people/b8e4d2ff64e50a894eb884165cc47f17,leshutong,people
52,0,0,https://pic4.zhimg.com/v2-f724376ae9e40231705696c882c874a3_is.jpg,https://pic4.zhimg.com/v2-f724376ae9e40231705696c882c874a3_{size}.jpg,[],1,-1,金融地产,77f06e14623beecaf0148f55eb420104,False,False,False,False,潜力,people,http://www.zhihu.com/api/v4/people/77f06e14623beecaf0148f55eb420104,qian-li-5-97,people
53,0,0,https://pic1.zhimg.com/da8e974dc_is.jpg,https://pic1.zhimg.com/da8e974dc_{size}.jpg,[],0,-1,,1f051ceaf700737655e7677b9ffd468c,False,False,False,False,Gilgamesh,people,http://www.zhihu.com/api/v4/people/1f051ceaf700737655e7677b9ffd468c,gilgamesh-15-56,people
54,9,0,https://pic2.zhimg.com/v2-82388e1837f93ac9e4b68d157afdef45_is.jpg,https://pic2.zhimg.com/v2-82388e1837f93ac9e4b68d157afdef45_{size}.jpg,[],4,0,念君小将，法学，博物馆，特摄，特使,8f650d98b524b818f262814e4a06c7a1,False,False,False,False,长熙,people,http://www.zhihu.com/api/v4/people/8f650d98b524b818f262814e4a06c7a1,qing-yun-52-57,people
55,0,0,https://pic1.zhimg.com/da8e974dc_is.jpg,https://pic1.zhimg.com/da8e974dc_{size}.jpg,[],0,-1,在校学生,a131fafb3c72372d568e19be5ce0832e,False,False,False,False,张珍妮,people,http://www.zhihu.com/api/v4/people/a131fafb3c72372d568e19be5ce0832e,zhang-zhen-ni-91,people
56,14,0,https://pic2.zhimg.com/203458b070f0eb1b5973274671365081_is.jpg,https://pic2.zhimg.com/203458b070f0eb1b5973274671365081_{size}.jpg,[],11,0,混吃等死的学生狗。,e7329265c51d2d6efb7f82160effe20b,False,False,False,False,谢徵,people,http://www.zhihu.com/api/v4/people/e7329265c51d2d6efb7f82160effe20b,xie-zheng-85-81,people
57,16,0,https://pic4.zhimg.com/v2-f4552ffafdc48d1ebfdd1415f2997947_is.jpg,https://pic4.zhimg.com/v2-f4552ffafdc48d1ebfdd1415f2997947_{size}.jpg,[],12,-1,唯见禅意，不见性情。,8d3a8404c4f2a91304e442912c169384,False,False,False,False,律师助理,people,http://www.zhihu.com/api/v4/people/8d3a8404c4f2a91304e442912c169384,li-ying-qi-17,people
58,1,0,https://pic1.zhimg.com/da8e974dc_is.jpg,https://pic1.zhimg.com/da8e974dc_{size}.jpg,[],1,-1,公务员,f98ad405a20410121197516c02b9e418,False,False,False,False,泽野,people,http://www.zhihu.com/api/v4/people/f98ad405a20410121197516c02b9e418,ze-ye-66-62,people
59,1,0,https://pic3.zhimg.com/v2-6c97ac9414b61d5af285a7b425086aa6_is.jpg,https://pic3.zhimg.com/v2-6c97ac9414b61d5af285a7b425086aa6_{size}.jpg,[],5,0,法律在读,85c24c01cac34544a852c8c20c577a2d,False,False,False,False,小丝,people,http://www.zhihu.com/api/v4/people/85c24c01cac34544a852c8c20c577a2d,xiao-si-66-9,people
60,0,0,https://pic1.zhimg.com/v2-5e82981f0f17dae4d515fa16f867427c_is.jpg,https://pic1.zhimg.com/v2-5e82981f0f17dae4d515fa16f867427c_{size}.jpg,[],0,-1,,87a3e28e3791b4a6cf83b58d5642f85b,False,False,False,False,董大花,people,http://www.zhihu.com/api/v4/people/87a3e28e3791b4a6cf83b58d5642f85b,dong-da-hua-3,people
61,15,0,https://pic3.zhimg.com/v2-f5eeaa4d563bcab2392eaef8b5ce70f6_is.jpg,https://pic3.zhimg.com/v2-f5eeaa4d563bcab2392eaef8b5ce70f6_{size}.jpg,[],21,1,哈哈哈哈哈哈,a5fcb0427f8428320e1b381aca9c45b0,False,False,False,False,浩浩浩浩呵哈欠,people,http://www.zhihu.com/api/v4/people/a5fcb0427f8428320e1b381aca9c45b0,hao-hao-hao-hao-he-ha-qian,people
62,2,0,https://pic3.zhimg.com/v2-ba6e1241405f8e0ddc0bfe1985f26e02_is.jpg,https://pic3.zhimg.com/v2-ba6e1241405f8e0ddc0bfe1985f26e02_{size}.jpg,[],4,-1,学生,0e98310086f7dcf8d43a12e5af61cac6,False,False,False,False,Mr.Heing,people,http://www.zhihu.com/api/v4/people/0e98310086f7dcf8d43a12e5af61cac6,feng-yu-xian-sheng-90,people
63,7,0,https://pic2.zhimg.com/v2-6a3f48a950845b38f3ddea8401fae721_is.jpg,https://pic2.zhimg.com/v2-6a3f48a950845b38f3ddea8401fae721_{size}.jpg,[],4,0,爱听歌 什么歌都听 爱电影 什么电影都看 爱看书 什么书都看,da93d807403391363b3f8ce5a30c45e7,False,False,False,False,屁股有个小尾巴,people,http://www.zhihu.com/api/v4/people/da93d807403391363b3f8ce5a30c45e7,la-la-la-16-34,people
64,0,0,https://pic2.zhimg.com/v2-e53e3d242c31e08ef66636646eb5250d_is.jpg,https://pic2.zhimg.com/v2-e53e3d242c31e08ef66636646eb5250d_{size}.jpg,[],7,0,本科在读,3da07cd33ebb04ef00d0674db69d028f,False,False,False,False,小咻,people,http://www.zhihu.com/api/v4/people/3da07cd33ebb04ef00d0674db69d028f,xiao-mi-xiu-er,people
65,0,0,https://pic4.zhimg.com/8aa9dda943702783236e9844964366ef_is.jpg,https://pic4.zhimg.com/8aa9dda943702783236e9844964366ef_{size}.jpg,[],2,0,大心脏，冷屁股,a86bcc52e74a233c2d3ba0b787cdabd6,False,False,False,False,独苗r,people,http://www.zhihu.com/api/v4/people/a86bcc52e74a233c2d3ba0b787cdabd6,zhi-miao-r,people
66,0,0,https://pic4.zhimg.com/95a382023_is.jpg,https://pic4.zhimg.com/95a382023_{size}.jpg,[],1,1,学下棋！~,b70a7d2e923f014fff93dcd49f9898bc,False,False,False,False,Seikosha,people,http://www.zhihu.com/api/v4/people/b70a7d2e923f014fff93dcd49f9898bc,seikosha,people
67,1,0,https://pic1.zhimg.com/da8e974dc_is.jpg,https://pic1.zhimg.com/da8e974dc_{size}.jpg,[],4,0,小学生,22ccc977fe795b3d1843ce4d510eaf2c,False,False,False,False,大米饭,people,http://www.zhihu.com/api/v4/people/22ccc977fe795b3d1843ce4d510eaf2c,la-la-30-12-22,people
68,1,0,https://pic1.zhimg.com/65f2ca228_is.jpg,https://pic1.zhimg.com/65f2ca228_{size}.jpg,[],0,1,同情自己是卑劣懦夫干的勾当。,1f2166aabbd79a8b4d08c09c3f049c58,False,False,False,False,南柯子,people,http://www.zhihu.com/api/v4/people/1f2166aabbd79a8b4d08c09c3f049c58,nan-ke-zi-66,people
69,9,0,https://pic3.zhimg.com/dc5f98d28bd06b84078235841a4692ee_is.jpg,https://pic3.zhimg.com/dc5f98d28bd06b84078235841a4692ee_{size}.jpg,[],9,1,法学/极简主义,1c10c05870f5c3eed5978780dbdfc9b6,False,False,False,False,颜明康,people,http://www.zhihu.com/api/v4/people/1c10c05870f5c3eed5978780dbdfc9b6,houyan-34,people
70,0,0,https://pic1.zhimg.com/v2-816e79a54c753ab835f219874ff9d274_is.jpg,https://pic1.zhimg.com/v2-816e79a54c753ab835f219874ff9d274_{size}.jpg,[],2,0,死宅/躺尸/法学基本功极其不扎实,53e12c502e79f6e713146a6ecdbd72dc,False,False,False,False,钟子逸,people,http://www.zhihu.com/api/v4/people/53e12c502e79f6e713146a6ecdbd72dc,zhong-zi-yi-71,people
71,6,0,https://pic3.zhimg.com/51f2cd432_is.jpg,https://pic3.zhimg.com/51f2cd432_{size}.jpg,[],74,1,穷人,a1b3777a5cbaaa79c1e1b6ca2817c1fa,False,False,False,False,ziming shen,people,http://www.zhihu.com/api/v4/people/a1b3777a5cbaaa79c1e1b6ca2817c1fa,ziming-shen,people
72,0,0,https://pic1.zhimg.com/da8e974dc_is.jpg,https://pic1.zhimg.com/da8e974dc_{size}.jpg,[],0,-1,律师,e2c5651e42b02c9f7deaa70c674e771c,False,False,False,False,吴立传,people,http://www.zhihu.com/api/v4/people/e2c5651e42b02c9f7deaa70c674e771c,wu-li-chuan-26,people
73,2,0,https://pic1.zhimg.com/v2-03830ebab4eae5f97c32caee469e1a18_is.jpg,https://pic1.zhimg.com/v2-03830ebab4eae5f97c32caee469e1a18_{size}.jpg,[],3,0,,5ed2b1c418031306c8911ea08a08dc95,False,False,False,False,刘倩,people,http://www.zhihu.com/api/v4/people/5ed2b1c418031306c8911ea08a08dc95,liu-qian-28-11,people
74,1,0,https://pic3.zhimg.com/v2-06e147580251d0c7e54c696caad5540e_is.jpg,https://pic3.zhimg.com/v2-06e147580251d0c7e54c696caad5540e_{size}.jpg,[],1,1,,0ca030a90adfc008fc8b4fe75e939c72,False,False,False,False,凉凉,people,http://www.zhihu.com/api/v4/people/0ca030a90adfc008fc8b4fe75e939c72,zhou-deng-deng-30,people
75,1,0,https://pic3.zhimg.com/v2-946214ac889d4fa421e0dc718e8eb45a_is.jpg,https://pic3.zhimg.com/v2-946214ac889d4fa421e0dc718e8eb45a_{size}.jpg,[],0,0,,4e5fc06d8a4a46f96e61166ccf8b1803,False,False,False,False,李贝拉,people,http://www.zhihu.com/api/v4/people/4e5fc06d8a4a46f96e61166ccf8b1803,wei-liang-bo-qiu,people
76,22,0,https://pic4.zhimg.com/65c33202b_is.jpg,https://pic4.zhimg.com/65c33202b_{size}.jpg,[],1154,0,法学,60e963b9e9d8626d4c87727c280538f9,False,False,False,False,唐沏,people,http://www.zhihu.com/api/v4/people/60e963b9e9d8626d4c87727c280538f9,tang-qie-70,people
77,1,0,https://pic1.zhimg.com/b8050a554_is.jpg,https://pic1.zhimg.com/b8050a554_{size}.jpg,[],1,0,,394f45b85a1f44dd88edd6579fce7053,False,False,False,False,littlenuts,people,http://www.zhihu.com/api/v4/people/394f45b85a1f44dd88edd6579fce7053,beautyxuan,people
78,5,0,https://pic4.zhimg.com/ab2e7297fe984ed7b14c78ef5e6e7f37_is.jpg,https://pic4.zhimg.com/ab2e7297fe984ed7b14c78ef5e6e7f37_{size}.jpg,[],0,-1,,8a9734a807a7491722ca0a4011c8a001,False,False,False,False,姜姜姜姜,people,http://www.zhihu.com/api/v4/people/8a9734a807a7491722ca0a4011c8a001,jiang-jiang-jiang-jiang-28-53-18,people
79,0,0,https://pic1.zhimg.com/da8e974dc_is.jpg,https://pic1.zhimg.com/da8e974dc_{size}.jpg,[],2,-1,,63660bf5f48b0e8586b813eeb196610c,False,False,False,False,若谷,people,http://www.zhihu.com/api/v4/people/63660bf5f48b0e8586b813eeb196610c,ruo-gu-63-75,people
80,0,0,https://pic1.zhimg.com/da8e974dc_is.jpg,https://pic1.zhimg.com/da8e974dc_{size}.jpg,[],0,1,社区医生,5c32704b9532b9de84b4a378971cb35b,False,False,False,False,卡卡啰特,people,http://www.zhihu.com/api/v4/people/5c32704b9532b9de84b4a378971cb35b,qia-qia-luo-te-22-50,people
81,0,0,https://pic1.zhimg.com/da8e974dc_is.jpg,https://pic1.zhimg.com/da8e974dc_{size}.jpg,[],0,-1,,7f84cf76bdd9e19d074106a467dd8de6,False,False,False,False,溜溜,people,http://www.zhihu.com/api/v4/people/7f84cf76bdd9e19d074106a467dd8de6,liu-liu-68-85,people
82,0,0,https://pic1.zhimg.com/da8e974dc_is.jpg,https://pic1.zhimg.com/da8e974dc_{size}.jpg,[],1,-1,法学,55196695629f383666fcbfcef22a618b,False,False,False,False,陈歪歪,people,http://www.zhihu.com/api/v4/people/55196695629f383666fcbfcef22a618b,chen-wai-wai-19-72,people
83,0,0,https://pic1.zhimg.com/da8e974dc_is.jpg,https://pic1.zhimg.com/da8e974dc_{size}.jpg,[],1,1,,f3136658605c7ac12ec06e7f2443de8b,False,False,False,False,Mike,people,http://www.zhihu.com/api/v4/people/f3136658605c7ac12ec06e7f2443de8b,sean-hu-63,people
84,0,0,https://pic1.zhimg.com/da8e974dc_is.jpg,https://pic1.zhimg.com/da8e974dc_{size}.jpg,[],0,-1,,ee40faddd3a5ea8f4ffa8efedf70ad27,False,False,False,False,祝学贞,people,http://www.zhihu.com/api/v4/people/ee40faddd3a5ea8f4ffa8efedf70ad27,zhu-xue-zhen-33,people
85,0,0,https://pic3.zhimg.com/v2-c33032d3aef78f4da770af347fb66456_is.jpg,https://pic3.zhimg.com/v2-c33032d3aef78f4da770af347fb66456_{size}.jpg,[],0,0,,dd02129637c9de132887ed3a85283984,False,False,False,False,九纳,people,http://www.zhihu.com/api/v4/people/dd02129637c9de132887ed3a85283984,yuan-yu-49-38,people
86,0,0,https://pic2.zhimg.com/818d5aa563d74bb50d58d712c49f0651_is.jpg,https://pic2.zhimg.com/818d5aa563d74bb50d58d712c49f0651_{size}.jpg,[],3,1,Law；Senior,0fd57374cef873576612070918858b52,False,False,False,False,Wit Yu,people,http://www.zhihu.com/api/v4/people/0fd57374cef873576612070918858b52,yu-hui-80-46,people
87,1,1,https://pic3.zhimg.com/v2-6700975b8a5c62984640e2c0d45469a2_is.jpg,https://pic3.zhimg.com/v2-6700975b8a5c62984640e2c0d45469a2_{size}.jpg,[],0,-1,,c5739e0c73c4dfb3bc0dbf404a360962,False,False,False,False,果子狸,people,http://www.zhihu.com/api/v4/people/c5739e0c73c4dfb3bc0dbf404a360962,guo-zi-li-23,people
88,0,0,https://pic1.zhimg.com/da8e974dc_is.jpg,https://pic1.zhimg.com/da8e974dc_{size}.jpg,[],0,-1,,4e2789f33a44d0b53e75d9ea9a5cd7b4,False,False,False,False,秦桑低绿枝,people,http://www.zhihu.com/api/v4/people/4e2789f33a44d0b53e75d9ea9a5cd7b4,qin-sang-di-lu-zhi-3,people
89,1,0,https://pic1.zhimg.com/da8e974dc_is.jpg,https://pic1.zhimg.com/da8e974dc_{size}.jpg,[],0,1,,046a111eea40da6f51429237584bb622,False,False,False,False,cloes cloes,people,http://www.zhihu.com/api/v4/people/046a111eea40da6f51429237584bb622,cloes,people
90,7,0,https://pic4.zhimg.com/81c573242cd236273cb78058f8ba70d3_is.jpg,https://pic4.zhimg.com/81c573242cd236273cb78058f8ba70d3_{size}.jpg,[],8,1,摄影小白/绘画爱好者/会计汪,db220af0be883389dd7910df04457908,False,False,False,False,绝尘,people,http://www.zhihu.com/api/v4/people/db220af0be883389dd7910df04457908,jue-chen-40-15,people
91,0,0,https://pic1.zhimg.com/v2-8c133c24692f7fde03c6d41753602ef0_is.jpg,https://pic1.zhimg.com/v2-8c133c24692f7fde03c6d41753602ef0_{size}.jpg,[],0,-1,,f3c7ca0141824019bffef4b108bcd5b9,False,False,False,False,harry,people,http://www.zhihu.com/api/v4/people/f3c7ca0141824019bffef4b108bcd5b9,harry-77-64,people
92,0,0,https://pic4.zhimg.com/15e2b078d242dbaeb6bdacdb057cf93b_is.jpg,https://pic4.zhimg.com/15e2b078d242dbaeb6bdacdb057cf93b_{size}.jpg,[],0,-1,,cd29b48c495f96eb391004f13e8d4b6d,False,False,False,False,hai,people,http://www.zhihu.com/api/v4/people/cd29b48c495f96eb391004f13e8d4b6d,hai-99,people
93,0,0,https://pic4.zhimg.com/v2-ea1a52b3be0ce8181b3f230cc4c3ef43_is.jpg,https://pic4.zhimg.com/v2-ea1a52b3be0ce8181b3f230cc4c3ef43_{size}.jpg,[],3,0,律师,6111f17c600c775db4b7023b3b769cfa,False,False,False,False,Weak Brass629,people,http://www.zhihu.com/api/v4/people/6111f17c600c775db4b7023b3b769cfa,li-sheng-yu-18,people
94,25,0,https://pic1.zhimg.com/v2-0cd96d3d744506d9a99073b7af3ae43c_is.jpg,https://pic1.zhimg.com/v2-0cd96d3d744506d9a99073b7af3ae43c_{size}.jpg,[],39,0,正在蓄头发的喷子,696a024822b36b23255115fdee169d38,False,False,False,False,西贝,people,http://www.zhihu.com/api/v4/people/696a024822b36b23255115fdee169d38,yang-si-mei-21,people
95,0,0,https://pic3.zhimg.com/03b42d62450ffcb05428b958512bea22_is.jpg,https://pic3.zhimg.com/03b42d62450ffcb05428b958512bea22_{size}.jpg,[],0,-1,,9f8ba4ac669e89f24526a61fa507ecc7,False,False,False,False,kim,people,http://www.zhihu.com/api/v4/people/9f8ba4ac669e89f24526a61fa507ecc7,kim-36,people
96,0,0,https://pic1.zhimg.com/da8e974dc_is.jpg,https://pic1.zhimg.com/da8e974dc_{size}.jpg,[],0,-1,法学在读,cbc13aa65770e6120b50037b7f9b20b9,False,False,False,False,且听风吟,people,http://www.zhihu.com/api/v4/people/cbc13aa65770e6120b50037b7f9b20b9,qie-ting-feng-yin-2-30,people
97,2,0,https://pic1.zhimg.com/614ac709a93f618b5763c5c4a2ebdda8_is.jpg,https://pic1.zhimg.com/614ac709a93f618b5763c5c4a2ebdda8_{size}.jpg,[],8,-1,,ec2bf2d94a62690a8ed82e5f87ce67cd,False,False,False,False,黄炎,people,http://www.zhihu.com/api/v4/people/ec2bf2d94a62690a8ed82e5f87ce67cd,huang-yan-45-19,people
98,0,0,https://pic1.zhimg.com/da8e974dc_is.jpg,https://pic1.zhimg.com/da8e974dc_{size}.jpg,[],0,-1,中国政法大学英语法学双学位,39b7cfda598ccd8101010509e8b7fac4,False,False,False,False,守望春天,people,http://www.zhihu.com/api/v4/people/39b7cfda598ccd8101010509e8b7fac4,shou-wang-chun-tian,people
99,0,0,https://pic1.zhimg.com/v2-611b52ff8d7f30c802e5763eb6d1c758_is.jpg,https://pic1.zhimg.com/v2-611b52ff8d7f30c802e5763eb6d1c758_{size}.jpg,[],0,-1,,1a66c9e19e3e493f61dcfc51816591b4,False,False,False,False,蔚蓝阳光,people,http://www.zhihu.com/api/v4/people/1a66c9e19e3e493f61dcfc51816591b4,wei-lan-yang-guang-24,people
100,0,0,https://pic3.zhimg.com/v2-cf77802332d8eacf2ff2f30a7031a246_is.jpg,https://pic3.zhimg.com/v2-cf77802332d8eacf2ff2f30a7031a246_{size}.jpg,[],0,0,学生,c0cc9e7e5a53837075dcd7573cd45e29,False,False,False,False,邮一颗草莓,people,http://www.zhihu.com/api/v4/people/c0cc9e7e5a53837075dcd7573cd45e29,you-yike-cao-mei-96,people
101,0,0,https://pic2.zhimg.com/v2-43d360df6e8aebf9374e362726394c05_is.jpg,https://pic2.zhimg.com/v2-43d360df6e8aebf9374e362726394c05_{size}.jpg,[],3,-1,非典型金融从业者,24039ca4d63e99497e06d9d58d99f742,False,False,False,False,emma,people,http://www.zhihu.com/api/v4/people/24039ca4d63e99497e06d9d58d99f742,emma-99-34-58,people
102,38,0,https://pic1.zhimg.com/ba1a3cd60aa7dcc7ac0d9bddadee90f8_is.jpg,https://pic1.zhimg.com/ba1a3cd60aa7dcc7ac0d9bddadee90f8_{size}.jpg,[],71,1,风险的全方位观察者，偏居银行一隅。,ea9bc1f0063c8d3ac4f7534e190f884d,False,False,False,False,天涯路人,people,http://www.zhihu.com/api/v4/people/ea9bc1f0063c8d3ac4f7534e190f884d,li-dong-23-73,people
103,0,0,https://pic1.zhimg.com/da8e974dc_is.jpg,https://pic1.zhimg.com/da8e974dc_{size}.jpg,[],0,0,,b8e54ab0b9870d5efbfaa665fd7c8cb4,False,False,False,False,杨小窝,people,http://www.zhihu.com/api/v4/people/b8e54ab0b9870d5efbfaa665fd7c8cb4,yang-xiao-wo,people
104,0,0,https://pic1.zhimg.com/da8e974dc_is.jpg,https://pic1.zhimg.com/da8e974dc_{size}.jpg,[],0,-1,法学在读,84b1174b3d91893cbf2fe5a560117da6,False,False,False,False,恩赐烦恼,people,http://www.zhihu.com/api/v4/people/84b1174b3d91893cbf2fe5a560117da6,en-si-fan-nao,people
105,0,0,https://pic4.zhimg.com/v2-68d39f399fcd7ed5a1f895578ed93f7f_is.jpg,https://pic4.zhimg.com/v2-68d39f399fcd7ed5a1f895578ed93f7f_{size}.jpg,[],0,-1,,c13ebd567a84126d782b573b8421cf8e,False,False,False,False,哈蜜桃,people,http://www.zhihu.com/api/v4/people/c13ebd567a84126d782b573b8421cf8e,ha-mi-tao-80,people
106,0,0,https://pic1.zhimg.com/da8e974dc_is.jpg,https://pic1.zhimg.com/da8e974dc_{size}.jpg,[],0,-1,律师,cff3959edf9129cccf268fc5e6b86693,False,False,False,False,胡金彪,people,http://www.zhihu.com/api/v4/people/cff3959edf9129cccf268fc5e6b86693,hu-jin-biao-69-82,people
107,2,0,https://pic4.zhimg.com/v2-5017544310267218e145eb7d89bc155f_is.jpg,https://pic4.zhimg.com/v2-5017544310267218e145eb7d89bc155f_{size}.jpg,[],1,0,,2f818f2ff4dcc14da8b60774ad05f8ca,False,False,False,False,Vivian,people,http://www.zhihu.com/api/v4/people/2f818f2ff4dcc14da8b60774ad05f8ca,xi-xiu-qiang-wei-6-82,people
108,9,0,https://pic1.zhimg.com/v2-e74e7c7599ce28b279bd470e7e8d97c8_is.jpg,https://pic1.zhimg.com/v2-e74e7c7599ce28b279bd470e7e8d97c8_{size}.jpg,[],34,0,学生/茶山刘,583c9a4278d6bc204a775b4d1e92918a,False,False,False,False,liuliuliu,people,http://www.zhihu.com/api/v4/people/583c9a4278d6bc204a775b4d1e92918a,liu-liu-yao-yao-da,people
109,0,0,https://pic1.zhimg.com/da8e974dc_is.jpg,https://pic1.zhimg.com/da8e974dc_{size}.jpg,[],0,-1,,3e57bdff1f60a3bbecbb3361dda0b0d4,False,False,False,False,无排练演出,people,http://www.zhihu.com/api/v4/people/3e57bdff1f60a3bbecbb3361dda0b0d4,wu-pai-lian-yan-chu,people
110,0,0,https://pic3.zhimg.com/1ae5f682bba916af97aaaddbf193a0f6_is.jpg,https://pic3.zhimg.com/1ae5f682bba916af97aaaddbf193a0f6_{size}.jpg,[],0,-1,法学,9cafef4e8a18eb2c95cc04ac997c68d0,False,False,False,False,sleepy,people,http://www.zhihu.com/api/v4/people/9cafef4e8a18eb2c95cc04ac997c68d0,sleepy-37-57,people
111,0,1,https://pic2.zhimg.com/9850fc1b2ae1b9b3fc3c6e2115e1a701_is.jpg,https://pic2.zhimg.com/9850fc1b2ae1b9b3fc3c6e2115e1a701_{size}.jpg,[],0,0,┏ (^ω^)=☞•﹏•@x@-Weibo,e0a60fdae6263e9411d267436980b4b8,False,False,False,False,McQqueen,people,http://www.zhihu.com/api/v4/people/e0a60fdae6263e9411d267436980b4b8,mcqqueen,people
112,9,0,https://pic2.zhimg.com/v2-4c57a395260c371a4f6dfe69aa070129_is.jpg,https://pic2.zhimg.com/v2-4c57a395260c371a4f6dfe69aa070129_{size}.jpg,[],1,0,严肃可爱。,420411c38a6d7ceb1b8bb25a423bca6c,False,False,False,False,柠檬汁拌面,people,http://www.zhihu.com/api/v4/people/420411c38a6d7ceb1b8bb25a423bca6c,mou-mou-mou-26-71,people
113,1,0,https://pic2.zhimg.com/88ca8e8b22bd5d0defc312913c3deb35_is.jpg,https://pic2.zhimg.com/88ca8e8b22bd5d0defc312913c3deb35_{size}.jpg,[],2,0,,67a55c1866a3d88c559c3e088c607530,False,False,False,False,阿钱,people,http://www.zhihu.com/api/v4/people/67a55c1866a3d88c559c3e088c607530,ssnai-nai-ge-tui,people
114,1,0,https://pic3.zhimg.com/6fd815c12_is.jpg,https://pic3.zhimg.com/6fd815c12_{size}.jpg,[],3,1,,e050088dcede65bedb08a131b49bf498,False,False,False,False,legendlen,people,http://www.zhihu.com/api/v4/people/e050088dcede65bedb08a131b49bf498,xie-jun-84,people
115,0,0,https://pic2.zhimg.com/v2-f1eb2f63bb0ee8a1c3f7984f9aa3aa45_is.jpg,https://pic2.zhimg.com/v2-f1eb2f63bb0ee8a1c3f7984f9aa3aa45_{size}.jpg,[],2,-1,法学在读,f98117dc2f68ac552b4a2d7cb83eb94e,False,False,False,False,不合花的橙子树,people,http://www.zhihu.com/api/v4/people/f98117dc2f68ac552b4a2d7cb83eb94e,bu-he-hua-de-cheng-zi-shu,people
116,0,0,https://pic1.zhimg.com/da8e974dc_is.jpg,https://pic1.zhimg.com/da8e974dc_{size}.jpg,[],0,0,,57e4ce558f704a4203324df9686fab18,False,False,False,False,海伦,people,http://www.zhihu.com/api/v4/people/57e4ce558f704a4203324df9686fab18,hai-lun-4-58,people
117,4,0,https://pic1.zhimg.com/72bb979e127a954649ae4eb2bde75aec_is.jpg,https://pic1.zhimg.com/72bb979e127a954649ae4eb2bde75aec_{size}.jpg,[],15,1,,accdf07cb5049a3ea7448f8e79617d80,False,False,False,False,禾辰,people,http://www.zhihu.com/api/v4/people/accdf07cb5049a3ea7448f8e79617d80,qin-chen-70-97,people
118,0,0,https://pic3.zhimg.com/v2-2ece956af64af942f83b2f2e175e4df6_is.jpg,https://pic3.zhimg.com/v2-2ece956af64af942f83b2f2e175e4df6_{size}.jpg,[],0,0,热爱法律的法务一枚,479eb6fcef221b94da4f3de1ac5cbe9b,False,False,False,False,打完怪兽好睡觉,people,http://www.zhihu.com/api/v4/people/479eb6fcef221b94da4f3de1ac5cbe9b,112591,people
119,0,0,https://pic1.zhimg.com/da8e974dc_is.jpg,https://pic1.zhimg.com/da8e974dc_{size}.jpg,[],0,0,,cbde7a79caa56faa0844a79ce368460b,False,False,False,False,kli,people,http://www.zhihu.com/api/v4/people/cbde7a79caa56faa0844a79ce368460b,kli-51,people
120,1,0,https://pic1.zhimg.com/v2-af05ac3fef8ac02fcd5968b1bec7b384_is.jpg,https://pic1.zhimg.com/v2-af05ac3fef8ac02fcd5968b1bec7b384_{size}.jpg,[],0,0,我多么够运,a7b5482a5cdb309a971a85b3e98845cf,False,False,False,False,盒子里的猫,people,http://www.zhihu.com/api/v4/people/a7b5482a5cdb309a971a85b3e98845cf,chen-yu-gui-81,people
121,3,0,https://pic2.zhimg.com/v2-8f1e5b2fb7f9092bdf8369f5183b5cb9_is.jpg,https://pic2.zhimg.com/v2-8f1e5b2fb7f9092bdf8369f5183b5cb9_{size}.jpg,[],1,1,偷得浮生半日闲,5008ee3d5df7eb51a4d301911277b7f9,False,False,False,False,shen永哲,people,http://www.zhihu.com/api/v4/people/5008ee3d5df7eb51a4d301911277b7f9,chen-yong-zhe,people
122,0,0,https://pic2.zhimg.com/v2-e643c89165ffd64480ae61139684a7c5_is.jpg,https://pic2.zhimg.com/v2-e643c89165ffd64480ae61139684a7c5_{size}.jpg,[],0,0,学生,6bc7547d80b6d2f241f3174b64b77a0b,False,False,False,False,白云苍狗,people,http://www.zhihu.com/api/v4/people/6bc7547d80b6d2f241f3174b64b77a0b,bai-yun-cang-gou-63-35,people
123,2,0,https://pic1.zhimg.com/v2-9a6b2811e37c26428aa5a4ca3aa7b824_is.jpg,https://pic1.zhimg.com/v2-9a6b2811e37c26428aa5a4ca3aa7b824_{size}.jpg,[],2,-1,,78a7fdab38f3fc34290cf6b2b4c7f2b6,False,False,False,False,李大本事,people,http://www.zhihu.com/api/v4/people/78a7fdab38f3fc34290cf6b2b4c7f2b6,li-jie-qiu-92,people
124,0,0,https://pic1.zhimg.com/v2-5b71e063e057b926e42c5621e63241a8_is.jpg,https://pic1.zhimg.com/v2-5b71e063e057b926e42c5621e63241a8_{size}.jpg,[],2,1,,60da33a037321feb62942269b5544ce7,False,False,False,False,Sein,people,http://www.zhihu.com/api/v4/people/60da33a037321feb62942269b5544ce7,bai-ye-66-31,people
125,0,0,https://pic2.zhimg.com/v2-7d38c7cddfa408281039a3d13d98de55_is.jpg,https://pic2.zhimg.com/v2-7d38c7cddfa408281039a3d13d98de55_{size}.jpg,[],0,0,学生党,026be3ccdda54453378940f462dd72f4,False,False,False,False,大爷,people,http://www.zhihu.com/api/v4/people/026be3ccdda54453378940f462dd72f4,da-ye-40-22,people
126,1,0,https://pic3.zhimg.com/c930fb8ccb768e161cc85243de021fa6_is.jpg,https://pic3.zhimg.com/c930fb8ccb768e161cc85243de021fa6_{size}.jpg,[],2,0,不晓得,73714d2b71297676a5e53a600aa134d1,False,False,False,False,你猜猜,people,http://www.zhihu.com/api/v4/people/73714d2b71297676a5e53a600aa134d1,ni-cai-cai-9-80,people
127,0,0,https://pic4.zhimg.com/20ba59fff_is.jpg,https://pic4.zhimg.com/20ba59fff_{size}.jpg,[],12,0,"中国传媒大学 - Anidigimator
中国宋庆龄基金会",80c8019efa3520b88d1a3cb5f2214391,False,False,False,False,梦小鲤,people,http://www.zhihu.com/api/v4/people/80c8019efa3520b88d1a3cb5f2214391,lmx124,people
128,0,0,https://pic3.zhimg.com/cced1bd59e9e75bf26bb39e2ab55750a_is.jpg,https://pic3.zhimg.com/cced1bd59e9e75bf26bb39e2ab55750a_{size}.jpg,[],0,1,grow up into lawyer,9b15e573091ff8a610d670e0d444f321,False,False,False,False,泉隐静流,people,http://www.zhihu.com/api/v4/people/9b15e573091ff8a610d670e0d444f321,hao-quan-yin,people
129,0,0,https://pic1.zhimg.com/v2-59f61c0e64599b5e498f136b810320c0_is.jpg,https://pic1.zhimg.com/v2-59f61c0e64599b5e498f136b810320c0_{size}.jpg,[],0,-1,,1c4a0bb24056ffd30a1d22f2d04fc44e,False,False,False,False,CatheLouis,people,http://www.zhihu.com/api/v4/people/1c4a0bb24056ffd30a1d22f2d04fc44e,cathelouis,people
130,0,0,https://pic1.zhimg.com/da8e974dc_is.jpg,https://pic1.zhimg.com/da8e974dc_{size}.jpg,[],0,-1,设计工作者,9ab351672aca6dccf7802c2826a5863d,False,False,False,False,肥耗耗,people,http://www.zhihu.com/api/v4/people/9ab351672aca6dccf7802c2826a5863d,fei-hao-hao-75,people
131,2,0,https://pic1.zhimg.com/856525b3faf43a69def70a67bc6b4348_is.jpg,https://pic1.zhimg.com/856525b3faf43a69def70a67bc6b4348_{size}.jpg,[],6,-1,考研狗,a9d4262dcccdbf2575065d66e0a53db4,False,False,False,False,秦玉,people,http://www.zhihu.com/api/v4/people/a9d4262dcccdbf2575065d66e0a53db4,qin-yu-43-39,people
132,0,0,https://pic3.zhimg.com/v2-ded510776af69726103279a19f908582_is.jpg,https://pic3.zhimg.com/v2-ded510776af69726103279a19f908582_{size}.jpg,[],0,-1,,476414a87ea2bcbb7ae3440d8836923e,False,False,False,False,鹿鹿鹿,people,http://www.zhihu.com/api/v4/people/476414a87ea2bcbb7ae3440d8836923e,lu-lu-lu-29-92,people
133,0,0,https://pic4.zhimg.com/v2-f050124983739be78a7d5d8ae07974ab_is.jpg,https://pic4.zhimg.com/v2-f050124983739be78a7d5d8ae07974ab_{size}.jpg,[],2,1,,094a666774385bacf734a403342ad01c,False,False,False,False,山楂绿茶,people,http://www.zhihu.com/api/v4/people/094a666774385bacf734a403342ad01c,shanzhalvcha,people
134,0,0,https://pic4.zhimg.com/38c5f49e628659021e1c5a767436889b_is.jpg,https://pic4.zhimg.com/38c5f49e628659021e1c5a767436889b_{size}.jpg,[],0,-1,,2fea5bbc3bf0359fb2d61945dc5c7917,False,False,False,False,木哒木,people,http://www.zhihu.com/api/v4/people/2fea5bbc3bf0359fb2d61945dc5c7917,li-wan-78-32,people
135,0,0,https://pic1.zhimg.com/da8e974dc_is.jpg,https://pic1.zhimg.com/da8e974dc_{size}.jpg,[],0,-1,律师,9199cfb5e619889be78ed7ea7e32eb0d,False,False,False,False,hehuankai,people,http://www.zhihu.com/api/v4/people/9199cfb5e619889be78ed7ea7e32eb0d,hehuankai,people
136,20,0,https://pic3.zhimg.com/v2-092c6954548704df41d548eb609c09a6_is.jpg,https://pic3.zhimg.com/v2-092c6954548704df41d548eb609c09a6_{size}.jpg,[],58,1,外所搬砖，说话特慢，学习Python,fd33cc61f01e682753ada0dd78791746,False,False,False,False,Steven Lai,people,http://www.zhihu.com/api/v4/people/fd33cc61f01e682753ada0dd78791746,steven1203,people
137,0,0,https://pic1.zhimg.com/bae84798d515d3594988d5742e0e8878_is.jpg,https://pic1.zhimg.com/bae84798d515d3594988d5742e0e8878_{size}.jpg,[],0,-1,狐臭,d11689e45cd92056687d409211ada8c4,False,False,False,False,叁叁,people,http://www.zhihu.com/api/v4/people/d11689e45cd92056687d409211ada8c4,san-san-98-93,people
138,0,0,https://pic2.zhimg.com/d654b6c8ed03b6ed9d75663b315716f9_is.jpg,https://pic2.zhimg.com/d654b6c8ed03b6ed9d75663b315716f9_{size}.jpg,[],3,0,|•ω•`),e9fa25cf8208a5f4bd6b4e60975c1727,False,False,False,False,云吞,people,http://www.zhihu.com/api/v4/people/e9fa25cf8208a5f4bd6b4e60975c1727,wo-wa-a,people
139,0,0,https://pic3.zhimg.com/a5eed2bd8654ee12b11aaecc8ffa06fa_is.jpg,https://pic3.zhimg.com/a5eed2bd8654ee12b11aaecc8ffa06fa_{size}.jpg,[],17,1,知不易，行也难。,e3547bd0392c1b6ba8a7a8e932481d6d,False,False,False,False,淡定,people,http://www.zhihu.com/api/v4/people/e3547bd0392c1b6ba8a7a8e932481d6d,dan-ding-77-47,people
140,0,0,https://pic1.zhimg.com/da8e974dc_is.jpg,https://pic1.zhimg.com/da8e974dc_{size}.jpg,[],0,-1,,ac7d897412a13e6ffbf6e43b713b8fc7,False,False,False,False,犀牛大叔,people,http://www.zhihu.com/api/v4/people/ac7d897412a13e6ffbf6e43b713b8fc7,xi-niu-da-shu-46,people
141,1,0,https://pic1.zhimg.com/da8e974dc_is.jpg,https://pic1.zhimg.com/da8e974dc_{size}.jpg,[],0,0,,7b9569c3893f6fcb5a424bb4002b9fe2,False,False,False,False,Judy Zhang,people,http://www.zhihu.com/api/v4/people/7b9569c3893f6fcb5a424bb4002b9fe2,judy-zhang-76,people
142,0,0,https://pic1.zhimg.com/da8e974dc_is.jpg,https://pic1.zhimg.com/da8e974dc_{size}.jpg,[],0,-1,律师,94285edeb5105a1434a306d4f920940f,False,False,False,False,櫃子,people,http://www.zhihu.com/api/v4/people/94285edeb5105a1434a306d4f920940f,gui-zi-60-44,people
143,0,0,https://pic3.zhimg.com/1418c6a88f8b907468931a8901a606b2_is.jpg,https://pic3.zhimg.com/1418c6a88f8b907468931a8901a606b2_{size}.jpg,[],3,0,实验员转身教育，立志教南京市第一,bafb247cc243df32941ed6eaba1dbcdb,False,False,False,False,小倩,people,http://www.zhihu.com/api/v4/people/bafb247cc243df32941ed6eaba1dbcdb,xiao-qian-5-61,people
144,18,0,https://pic1.zhimg.com/v2-0850baefb500678c45439e8be6c64b50_is.jpg,https://pic1.zhimg.com/v2-0850baefb500678c45439e8be6c64b50_{size}.jpg,[],40,0,生而尽欢,c6c8735532ee96e0d6cad1ef3992baee,False,False,False,False,璟之,people,http://www.zhihu.com/api/v4/people/c6c8735532ee96e0d6cad1ef3992baee,xing-ji-27-79,people
145,12,0,https://pic4.zhimg.com/v2-c7967e9f1a83984d37820ce614e428fb_is.jpg,https://pic4.zhimg.com/v2-c7967e9f1a83984d37820ce614e428fb_{size}.jpg,[],2,-1,,a9313c6cfca70437d69b3abcf6fc92f0,False,False,False,False,君山忻肆,people,http://www.zhihu.com/api/v4/people/a9313c6cfca70437d69b3abcf6fc92f0,jun-shan-xin-si,people
146,0,0,https://pic3.zhimg.com/v2-b63f4b5bb03669c67c6e214ae836f2ce_is.jpg,https://pic3.zhimg.com/v2-b63f4b5bb03669c67c6e214ae836f2ce_{size}.jpg,[],0,-1,真正想要付出的努力，理直气壮的地去论证,de7ed09a3e06e18d8305e904d4228d7e,False,False,False,False,Michael 抉择时刻,people,http://www.zhihu.com/api/v4/people/de7ed09a3e06e18d8305e904d4228d7e,michael-ff,people
147,0,0,https://pic1.zhimg.com/da8e974dc_is.jpg,https://pic1.zhimg.com/da8e974dc_{size}.jpg,[],0,-1,法律,242a6def4984406cacea7472a52f8193,False,False,False,False,会飞的珂鳗鱼,people,http://www.zhihu.com/api/v4/people/242a6def4984406cacea7472a52f8193,hui-fei-de-ke-man-yu,people
148,57,0,https://pic1.zhimg.com/v2-8546982ab1329be434856baf4a01ea9c_is.jpg,https://pic1.zhimg.com/v2-8546982ab1329be434856baf4a01ea9c_{size}.jpg,[],71,0,设计师,2c4a006fb9447b298fef31327c9c530c,False,False,False,False,罗兰紫,people,http://www.zhihu.com/api/v4/people/2c4a006fb9447b298fef31327c9c530c,luo-lan-zi-75,people
149,0,0,https://pic1.zhimg.com/v2-8cd899118d8f5469774b1377213db594_is.jpg,https://pic1.zhimg.com/v2-8cd899118d8f5469774b1377213db594_{size}.jpg,[],0,-1,CEO,b7072e949d038efc27a538b7e1960321,False,False,False,False,durkhem,people,http://www.zhihu.com/api/v4/people/b7072e949d038efc27a538b7e1960321,durkhem,people
150,0,0,https://pic3.zhimg.com/v2-6f44f0e3b137d3bd0c80707f5f56bb5a_is.jpg,https://pic3.zhimg.com/v2-6f44f0e3b137d3bd0c80707f5f56bb5a_{size}.jpg,[],0,-1,金融,cda4bc28ab3cab023a1c2bedb0b9549a,False,False,False,False,江湖,people,http://www.zhihu.com/api/v4/people/cda4bc28ab3cab023a1c2bedb0b9549a,jiang-hu-71-2,people
151,0,0,https://pic1.zhimg.com/da8e974dc_is.jpg,https://pic1.zhimg.com/da8e974dc_{size}.jpg,[],0,-1,设计师/投资人,813711e4d1ebad07fe47d1d1a1eaff8c,False,False,False,False,jasom,people,http://www.zhihu.com/api/v4/people/813711e4d1ebad07fe47d1d1a1eaff8c,jasom-49,people
152,0,0,https://pic1.zhimg.com/da8e974dc_is.jpg,https://pic1.zhimg.com/da8e974dc_{size}.jpg,[],0,0,,b883dce5856349a22fe8eff4b21d0989,False,False,False,False,咕咕,people,http://www.zhihu.com/api/v4/people/b883dce5856349a22fe8eff4b21d0989,gu-gu-99-14-64,people
153,0,0,https://pic2.zhimg.com/v2-021c04e3be31c5a3aaa680752a0f8a49_is.jpg,https://pic2.zhimg.com/v2-021c04e3be31c5a3aaa680752a0f8a49_{size}.jpg,[],9,0,,53ba56233f7129dd28c7d602ab762d64,False,False,False,False,Miss暖暖,people,http://www.zhihu.com/api/v4/people/53ba56233f7129dd28c7d602ab762d64,yang-xun-48,people
154,0,0,https://pic1.zhimg.com/v2-20fe96afbbd471a888f0c9461751fddc_is.jpg,https://pic1.zhimg.com/v2-20fe96afbbd471a888f0c9461751fddc_{size}.jpg,[],41,-1,大学还在上，一直在积累，一直在成长……,a2288dadfbd5161f88bd9880acd5d29b,False,False,False,False,学生韩凯,people,http://www.zhihu.com/api/v4/people/a2288dadfbd5161f88bd9880acd5d29b,xue-sheng-han-kai,people
155,14,0,https://pic1.zhimg.com/be43bfcc6622ad461d8c075557aa7858_is.jpg,https://pic1.zhimg.com/be43bfcc6622ad461d8c075557aa7858_{size}.jpg,[],20,0,"坐标天津，籍贯湖南,2018CPA拼课啊",ef4fe6676549992dd5a220b394fb3a24,False,False,False,False,魁羊,people,http://www.zhihu.com/api/v4/people/ef4fe6676549992dd5a220b394fb3a24,pa-ti-gua,people
156,15,0,https://pic4.zhimg.com/8dd8a052329ac0d88a1cf240bd2b4dff_is.jpg,https://pic4.zhimg.com/8dd8a052329ac0d88a1cf240bd2b4dff_{size}.jpg,[],1,1,,52f476fd0d1ed12e1bd5c1083756ec26,False,False,False,False,Loud Xi,people,http://www.zhihu.com/api/v4/people/52f476fd0d1ed12e1bd5c1083756ec26,xi-liu-68,people
157,0,0,https://pic1.zhimg.com/da8e974dc_is.jpg,https://pic1.zhimg.com/da8e974dc_{size}.jpg,[],0,0,立志未来成为律师,eb7131d1187e8d604903ee048e33d312,False,False,False,False,不忘初心,people,http://www.zhihu.com/api/v4/people/eb7131d1187e8d604903ee048e33d312,he-miao-23-84,people
158,0,0,https://pic2.zhimg.com/v2-e8298cc50f88758635e92feeba96fed1_is.jpg,https://pic2.zhimg.com/v2-e8298cc50f88758635e92feeba96fed1_{size}.jpg,[],1,-1,学生,c2f8d74c037d4711b6125d5ce10caff9,False,False,False,False,恃宠,people,http://www.zhihu.com/api/v4/people/c2f8d74c037d4711b6125d5ce10caff9,shi-chong-99-57,people
159,1,0,https://pic1.zhimg.com/da8e974dc_is.jpg,https://pic1.zhimg.com/da8e974dc_{size}.jpg,[],0,1,消防警官 律师,89aa1407653c92ea0bf7171c1f367116,False,False,False,False,杨乐修,people,http://www.zhihu.com/api/v4/people/89aa1407653c92ea0bf7171c1f367116,yang-le-xiu,people
160,0,0,https://pic2.zhimg.com/v2-63262c901d929ae35f0a3c80a52e21d5_is.jpg,https://pic2.zhimg.com/v2-63262c901d929ae35f0a3c80a52e21d5_{size}.jpg,[],0,0,学生,f27203deeff481c6a644efb1b1a95d7d,False,False,False,False,姜九思,people,http://www.zhihu.com/api/v4/people/f27203deeff481c6a644efb1b1a95d7d,jiang-jiu-si-67,people
161,4,0,https://pic2.zhimg.com/v2-ecc65d5d467e0174919ba36c0ba4cea9_is.jpg,https://pic2.zhimg.com/v2-ecc65d5d467e0174919ba36c0ba4cea9_{size}.jpg,[],7,-1,打算复员后做律师的军医,1309e9ffe0a1f126db700e0233b4d80e,False,False,False,False,丁智勇,people,http://www.zhihu.com/api/v4/people/1309e9ffe0a1f126db700e0233b4d80e,chao-ji-yong-ge-ge,people
162,6,2,https://pic4.zhimg.com/v2-2aa9fa42ca1a214fa57e107c224ac907_is.jpg,https://pic4.zhimg.com/v2-2aa9fa42ca1a214fa57e107c224ac907_{size}.jpg,[],10,1,less is more,e30383436ee4c5345adb229acefb5785,False,False,False,False,李凡,people,http://www.zhihu.com/api/v4/people/e30383436ee4c5345adb229acefb5785,li-yifan-86-99,people
163,0,0,https://pic1.zhimg.com/da8e974dc_is.jpg,https://pic1.zhimg.com/da8e974dc_{size}.jpg,[],1,1,法学本科,e53fff3e968bc120b784e5fd4bc56c08,False,False,False,False,罗小小掰,people,http://www.zhihu.com/api/v4/people/e53fff3e968bc120b784e5fd4bc56c08,luo-xiao-xiao-bai,people
164,0,0,https://pic1.zhimg.com/da8e974dc_is.jpg,https://pic1.zhimg.com/da8e974dc_{size}.jpg,[],0,-1,,07f5e6c8592379a19d3b86247ce0dbda,False,False,False,False,叶子,people,http://www.zhihu.com/api/v4/people/07f5e6c8592379a19d3b86247ce0dbda,xie-zi-93-17-37,people
165,0,0,https://pic1.zhimg.com/v2-bb4f4ce9c3c7f6dbb48e3513bf39489c_is.jpg,https://pic1.zhimg.com/v2-bb4f4ce9c3c7f6dbb48e3513bf39489c_{size}.jpg,[],1,0,法律生,7c2531cf9cb37ce1deef6c44a11e7a92,False,False,False,False,雷小果,people,http://www.zhihu.com/api/v4/people/7c2531cf9cb37ce1deef6c44a11e7a92,lei-xiao-guo-10,people
166,22,0,https://pic1.zhimg.com/1c4343e718e3bda72fa31e04bea7cc20_is.jpg,https://pic1.zhimg.com/1c4343e718e3bda72fa31e04bea7cc20_{size}.jpg,[],13,1,酒店业,455a6b9da60c683533085026a55a8eff,False,False,False,False,南浩街,people,http://www.zhihu.com/api/v4/people/455a6b9da60c683533085026a55a8eff,nan-hao-jie,people
167,1,0,https://pic1.zhimg.com/da8e974dc_is.jpg,https://pic1.zhimg.com/da8e974dc_{size}.jpg,[],1,0,学车菜鸟,5cb9c9c37c3f86cc1a732fe877743af0,False,False,False,False,李中堂,people,http://www.zhihu.com/api/v4/people/5cb9c9c37c3f86cc1a732fe877743af0,li-zhong-tang-17,people
168,0,0,https://pic3.zhimg.com/v2-2208ccc797b8db4efbc2bde0d3b74dea_is.jpg,https://pic3.zhimg.com/v2-2208ccc797b8db4efbc2bde0d3b74dea_{size}.jpg,[],12,0,,4e9c609751882e3a6a3a915d98d16f47,False,False,False,False,图书公司编辑,people,http://www.zhihu.com/api/v4/people/4e9c609751882e3a6a3a915d98d16f47,ting-ni-ting-wo-77-38,people
169,0,0,https://pic3.zhimg.com/v2-1d29c757b4ff43e60036815492152622_is.jpg,https://pic3.zhimg.com/v2-1d29c757b4ff43e60036815492152622_{size}.jpg,[],3,-1,酒店行业,175e2e5b1f72d277dd26a74333e03ede,False,False,False,False,黄一,people,http://www.zhihu.com/api/v4/people/175e2e5b1f72d277dd26a74333e03ede,huang-yyiyi,people
170,1,0,https://pic1.zhimg.com/da8e974dc_is.jpg,https://pic1.zhimg.com/da8e974dc_{size}.jpg,[],7,1,,e7bfca0b66613b598892a50c70c9e918,False,False,False,False,吴强,people,http://www.zhihu.com/api/v4/people/e7bfca0b66613b598892a50c70c9e918,wu-qiang-36-4,people
171,0,0,https://pic1.zhimg.com/da8e974dc_is.jpg,https://pic1.zhimg.com/da8e974dc_{size}.jpg,[],0,0,,73c79c669491a8bbec75411cc5b9da9d,False,False,False,False,李GaGa,people,http://www.zhihu.com/api/v4/people/73c79c669491a8bbec75411cc5b9da9d,li-gaga-88,people
172,1,0,https://pic2.zhimg.com/v2-aea5b15f56ff056f9796196b780f47c9_is.jpg,https://pic2.zhimg.com/v2-aea5b15f56ff056f9796196b780f47c9_{size}.jpg,[],0,-1,法学在读   健身爱好者,f4a310666000196c5dc728ffc50fd3eb,False,False,False,False,蛋妞,people,http://www.zhihu.com/api/v4/people/f4a310666000196c5dc728ffc50fd3eb,dan-niu-16-16,people
173,0,1,https://pic1.zhimg.com/da8e974dc_is.jpg,https://pic1.zhimg.com/da8e974dc_{size}.jpg,[],0,-1,电影，旅行,ad29566e2a93a9b93ab4c0cae138a9d7,False,False,False,False,海滨小城,people,http://www.zhihu.com/api/v4/people/ad29566e2a93a9b93ab4c0cae138a9d7,hai-bin-xiao-cheng-94-27,people
174,0,0,https://pic4.zhimg.com/de1e12e7a41b6f690d24593083875f07_is.jpg,https://pic4.zhimg.com/de1e12e7a41b6f690d24593083875f07_{size}.jpg,[],0,0,,ff20a706f9165f8110a9770db591ae78,False,False,False,False,Irene,people,http://www.zhihu.com/api/v4/people/ff20a706f9165f8110a9770db591ae78,jiang-qing-82-74,people
175,0,0,https://pic4.zhimg.com/ba5369bdf0ecbcec31e451a728fd8777_is.jpg,https://pic4.zhimg.com/ba5369bdf0ecbcec31e451a728fd8777_{size}.jpg,[],1,0,民航飞行员,b5265d9bd4208382fc559dc6ba5dff59,False,False,False,False,苗苗,people,http://www.zhihu.com/api/v4/people/b5265d9bd4208382fc559dc6ba5dff59,miao-miao-44-5,people
176,1,0,https://pic1.zhimg.com/da8e974dc_is.jpg,https://pic1.zhimg.com/da8e974dc_{size}.jpg,[],2,-1,结构工程师,ea2e9be4ab29ca9c5b64a34c78e3917e,False,False,False,False,寸山 3,people,http://www.zhihu.com/api/v4/people/ea2e9be4ab29ca9c5b64a34c78e3917e,cun-shan-3,people
177,0,0,https://pic3.zhimg.com/v2-e82753c0de062006077a2f0cc4d93b26_is.jpg,https://pic3.zhimg.com/v2-e82753c0de062006077a2f0cc4d93b26_{size}.jpg,[],0,0,,05744da503f3ea03e0c909d1c9b53341,False,False,False,False,小眼睛,people,http://www.zhihu.com/api/v4/people/05744da503f3ea03e0c909d1c9b53341,xiao-yao-jing-73-15-51,people
178,0,0,https://pic1.zhimg.com/da8e974dc_is.jpg,https://pic1.zhimg.com/da8e974dc_{size}.jpg,[],1,0,,5902dea0d8628132c60e6ca1c3154c49,False,False,False,False,留年,people,http://www.zhihu.com/api/v4/people/5902dea0d8628132c60e6ca1c3154c49,liu-nian-16-87,people
179,1,0,https://pic1.zhimg.com/da8e974dc_is.jpg,https://pic1.zhimg.com/da8e974dc_{size}.jpg,[],0,-1,,b3ef432dae36a8e2c3d331a0bb8251da,False,False,False,False,李新安,people,http://www.zhihu.com/api/v4/people/b3ef432dae36a8e2c3d331a0bb8251da,li-xin-an-90,people
180,0,0,https://pic1.zhimg.com/da8e974dc_is.jpg,https://pic1.zhimg.com/da8e974dc_{size}.jpg,[],0,-1,,4dfb3b470538d97088d02166f355a424,False,False,False,False,笑笑啦,people,http://www.zhihu.com/api/v4/people/4dfb3b470538d97088d02166f355a424,xiao-xiao-la-61,people
181,1,0,https://pic4.zhimg.com/v2-6fa104f435dfbc25451569d6ce13e4d7_is.jpg,https://pic4.zhimg.com/v2-6fa104f435dfbc25451569d6ce13e4d7_{size}.jpg,[],0,-1,,de2621c82d5a7998ebda894c7af573a6,False,False,False,False,一碗芋圆冰,people,http://www.zhihu.com/api/v4/people/de2621c82d5a7998ebda894c7af573a6,yiwan-yu-yuan-bing,people
182,1,0,https://pic2.zhimg.com/v2-027b5d0bba33049133c6c9e8b1c4f955_is.jpg,https://pic2.zhimg.com/v2-027b5d0bba33049133c6c9e8b1c4f955_{size}.jpg,[],1,0,,e0618f8268b62d323599f82993971290,False,False,False,False,冬萌擂,people,http://www.zhihu.com/api/v4/people/e0618f8268b62d323599f82993971290,jiao-yi-86,people
183,0,0,https://pic1.zhimg.com/v2-5fa18fcde0c835324675aece996ed890_is.jpg,https://pic1.zhimg.com/v2-5fa18fcde0c835324675aece996ed890_{size}.jpg,[],0,0,作死路上越走越远,1a8566a926470d5e2b8f5633c2df8ebb,False,False,False,False,岁月回首,people,http://www.zhihu.com/api/v4/people/1a8566a926470d5e2b8f5633c2df8ebb,sui-yue-hui-shou-82,people
184,0,0,https://pic2.zhimg.com/v2-48198788f8fd9e8b03472bf5dfc37745_is.jpg,https://pic2.zhimg.com/v2-48198788f8fd9e8b03472bf5dfc37745_{size}.jpg,[],0,-1,学习，进步,24b6daa4c5e005731ee2e8632a11bfaa,False,False,False,False,果果,people,http://www.zhihu.com/api/v4/people/24b6daa4c5e005731ee2e8632a11bfaa,guo-guo-98-42,people
185,170,0,https://pic1.zhimg.com/da8e974dc_is.jpg,https://pic1.zhimg.com/da8e974dc_{size}.jpg,[],223,1,国企资产管理/民营快递从业,6e415e1ccc22ab28c5ce415473fb2199,False,False,False,False,王恒,people,http://www.zhihu.com/api/v4/people/6e415e1ccc22ab28c5ce415473fb2199,wang-heng-17,people
186,78,0,https://pic2.zhimg.com/ae78d53b6f689b107468b8085eb26179_is.jpg,https://pic2.zhimg.com/ae78d53b6f689b107468b8085eb26179_{size}.jpg,[],3275,1,我是闪电,5fbde756cf3a6927d610d705b7be1ae2,False,False,False,False,闪电睿智,people,http://www.zhihu.com/api/v4/people/5fbde756cf3a6927d610d705b7be1ae2,shan-dian-kun-lun-zi,people
187,0,0,https://pic1.zhimg.com/v2-d70994394a3ab570f357adc3daa52340_is.jpg,https://pic1.zhimg.com/v2-d70994394a3ab570f357adc3daa52340_{size}.jpg,[],35,0,认真且怂 走路带风,563a6eb8f98416abbfc3925e7a248d0b,False,False,False,False,Miss Mia,people,http://www.zhihu.com/api/v4/people/563a6eb8f98416abbfc3925e7a248d0b,su-yu-10-10,people
188,3,0,https://pic3.zhimg.com/v2-7b3e0b0267a9e1ac7683d26170e000a2_is.jpg,https://pic3.zhimg.com/v2-7b3e0b0267a9e1ac7683d26170e000a2_{size}.jpg,[],6,0,律师,726b0771cba510e7df1668b76648e7c4,False,False,False,False,胡丹,people,http://www.zhihu.com/api/v4/people/726b0771cba510e7df1668b76648e7c4,dana-38-73,people
189,2,0,https://pic1.zhimg.com/da8e974dc_is.jpg,https://pic1.zhimg.com/da8e974dc_{size}.jpg,[],2,-1,学生,649ce4944f3d0108b63b16a7f60801ef,False,False,False,False,凯立,people,http://www.zhihu.com/api/v4/people/649ce4944f3d0108b63b16a7f60801ef,kai-li-97-80,people
190,0,0,https://pic1.zhimg.com/v2-82180f2fea763721aabfa508bd0f3844_is.jpg,https://pic1.zhimg.com/v2-82180f2fea763721aabfa508bd0f3844_{size}.jpg,[],2,0,想好好学习的学生,98567b9e1c3970645229d01c2d6593ff,False,False,False,False,潞离,people,http://www.zhihu.com/api/v4/people/98567b9e1c3970645229d01c2d6593ff,lu-chi-50-36,people
191,1,0,https://pic1.zhimg.com/v2-534d410b9834d8a14b40a00eb5ac74fc_is.jpg,https://pic1.zhimg.com/v2-534d410b9834d8a14b40a00eb5ac74fc_{size}.jpg,[],1,1,律師、工程、知識產權、併購、吉他、英文、金融,2c6564de2ab2fac40d4b399c29f4d932,False,False,False,False,Eric Li,people,http://www.zhihu.com/api/v4/people/2c6564de2ab2fac40d4b399c29f4d932,eric-li-9,people
192,0,0,https://pic1.zhimg.com/da8e974dc_is.jpg,https://pic1.zhimg.com/da8e974dc_{size}.jpg,[],1,0,,1b1aef10d7a68609d395d29abd52fc2b,False,False,False,False,知之为知之,people,http://www.zhihu.com/api/v4/people/1b1aef10d7a68609d395d29abd52fc2b,zhi-zhi-wei-zhi-zhi-21,people
193,1,0,https://pic3.zhimg.com/34ae6a526be03b101857249e1c284fa2_is.jpg,https://pic3.zhimg.com/34ae6a526be03b101857249e1c284fa2_{size}.jpg,[],13,-1,,558b6630efddff354aacbdeed484ce91,False,False,False,False,Albert Ding,people,http://www.zhihu.com/api/v4/people/558b6630efddff354aacbdeed484ce91,albert-ding,people
194,0,0,https://pic1.zhimg.com/da8e974dc_is.jpg,https://pic1.zhimg.com/da8e974dc_{size}.jpg,[],0,0,数据分析,76be588518553ab91065e543e63c0867,False,False,False,False,doreen chu,people,http://www.zhihu.com/api/v4/people/76be588518553ab91065e543e63c0867,doreen-chu-43,people
195,2,0,https://pic1.zhimg.com/da8e974dc_is.jpg,https://pic1.zhimg.com/da8e974dc_{size}.jpg,[],2,0,教师,2adb801d2ac941b75e5a1bbf755dd3a9,False,False,False,False,小米分,people,http://www.zhihu.com/api/v4/people/2adb801d2ac941b75e5a1bbf755dd3a9,tan-ji-37-61,people
196,2,0,https://pic2.zhimg.com/v2-da1852caea9da56078d78bc9371a346d_is.jpg,https://pic2.zhimg.com/v2-da1852caea9da56078d78bc9371a346d_{size}.jpg,[],88,1,逆风飞翔,c44ec25c4d42982de980584cd0c2281d,False,False,False,False,Felix Wong,people,http://www.zhihu.com/api/v4/people/c44ec25c4d42982de980584cd0c2281d,felix-wong-87,people
197,0,0,https://pic1.zhimg.com/da8e974dc_is.jpg,https://pic1.zhimg.com/da8e974dc_{size}.jpg,[],0,-1,,c5419dbccc9a3fe989e88c405687b0fd,False,False,False,False,雷华芳,people,http://www.zhihu.com/api/v4/people/c5419dbccc9a3fe989e88c405687b0fd,lei-hua-fang-65,people
198,11,0,https://pic3.zhimg.com/v2-c46b70181690ea1512d03926bd04e16e_is.jpg,https://pic3.zhimg.com/v2-c46b70181690ea1512d03926bd04e16e_{size}.jpg,[],10,0,浪子,aaad59d3dc722de75e2093663ce845a4,False,False,False,False,Adele,people,http://www.zhihu.com/api/v4/people/aaad59d3dc722de75e2093663ce845a4,ba-ba-ba-57,people
199,59,0,https://pic4.zhimg.com/v2-f6f3af03afd6985440b1625b1de8e693_is.jpg,https://pic4.zhimg.com/v2-f6f3af03afd6985440b1625b1de8e693_{size}.jpg,[],29,1,十年饮冰，难凉热血。,f45cf26f05ddfff0cfda90e71ad7efa9,False,False,False,False,Marcurr,people,http://www.zhihu.com/api/v4/people/f45cf26f05ddfff0cfda90e71ad7efa9,yang-yang-30-95-58,people
